{"train_losses": [1.7911395343245975, 1.5218538964629933, 1.4079671080704708, 1.3341183502962635, 1.2592123807615536, 1.1943927274388113, 1.1439703323279218, 1.0892671992065042, 1.021837522269814, 0.9714663488090418], "val_losses": [1.7493586540222168, 1.6732982754707337, 1.6787557005882263, 1.538799798488617, 1.5379217267036438, 1.56436927318573, 1.6359546661376954, 1.642383098602295, 1.786414134502411, 2.067866826057434], "train_accs": [36.8275, 46.0875, 49.9325, 52.505, 55.4, 57.4575, 59.4375, 61.385, 63.7025, 65.6275], "val_accs": [39.25, 43.44, 42.77, 46.18, 47.61, 47.43, 46.67, 47.14, 45.01, 44.63], "train_acc": 65.6275, "val_acc": 44.63, "test_acc": 45.04, "exp_name": "exp1_n_layer_hid_dim", "in_dim": 3072, "out_dim": 10, "hid_dim": 500, "act": "relu", "dropout": 0.2, "use_bn": true, "l2": 1e-05, "use_xavier": true, "optim": "RMSprop", "lr": 0.0015, "train_batch_size": 256, "n_layer": 2}