{"train_losses": [1.780252301768892, 1.5172213885434873, 1.4081822405954836, 1.3340516006870635, 1.2620286485951417, 1.2023386469312534, 1.1592101982444714, 1.0969501342743067, 1.0540159823028905, 0.9985612327126181], "val_losses": [1.709606146812439, 1.6802670359611511, 1.518134343624115, 1.4921130657196044, 1.4634076952934265, 1.5621140360832215, 1.5573631286621095, 1.438623344898224, 1.6080994009971619, 1.4584532856941224], "train_accs": [36.66, 45.6225, 49.595, 52.4575, 54.8925, 56.74, 58.4875, 60.735, 62.095, 64.1825], "val_accs": [39.19, 40.23, 45.85, 47.0, 49.09, 45.0, 46.96, 50.75, 47.42, 51.11], "train_acc": 64.1825, "val_acc": 51.11, "test_acc": 51.48, "exp_name": "exp1_n_layer_hid_dim", "in_dim": 3072, "out_dim": 10, "hid_dim": 300, "act": "relu", "dropout": 0.2, "use_bn": true, "l2": 1e-05, "use_xavier": true, "optim": "RMSprop", "lr": 0.0015, "train_batch_size": 256, "n_layer": 3}