{"train_losses": [2.5308668590654992, 1.5744987263041696, 1.482071487007627, 1.4461851264261136, 1.3753927384212519, 1.3123728310226634, 1.2891913227214935, 1.2223657358224225, 1.205874563402431, 1.144130715519], "val_losses": [2.302418088912964, 2.0145070433616636, 1.848311996459961, 1.6101113080978393, 1.6906845808029174, 1.653657281398773, 1.7640455484390258, 2.0666489005088806, 1.9063790917396546, 1.7779325366020202], "train_accs": [38.0825, 46.1025, 49.3775, 50.69, 53.1, 55.3525, 56.2725, 58.6575, 59.7825, 61.66], "val_accs": [35.17, 37.08, 39.92, 45.27, 44.91, 46.44, 45.35, 41.38, 42.68, 46.25], "train_acc": 61.66, "val_acc": 46.25, "test_acc": 47.91, "exp_name": "exp1_n_layer_hid_dim", "in_dim": 3072, "out_dim": 10, "hid_dim": 500, "act": "relu", "dropout": 0.2, "use_bn": true, "l2": 1e-05, "use_xavier": true, "optim": "RMSprop", "lr": 0.0015, "train_batch_size": 256, "n_layer": 1}