id,label
109,0.5438202023506165
145,0.6735830307006836
15,0.574693500995636
162,0.5540536046028137
167,0.5804671049118042
200,0.6495981812477112
210,0.626501739025116
211,0.6271730661392212
213,0.5754219889640808
224,0.6093329191207886
