id,label
109,0.30706098675727844
145,0.30893391370773315
15,0.30766838788986206
162,0.28205522894859314
167,0.29892608523368835
200,0.35796263813972473
210,0.35459840297698975
211,0.3240763545036316
213,0.30362194776535034
224,0.32266542315483093
