{"train_losses": [1.7428536187311647, 1.5069000333737417, 1.405617403376634, 1.3228044449144107, 1.2712654239812475, 1.2003111991153401, 1.141966857348278, 1.0941751720799002, 1.037817968684397, 0.9927707929520091], "val_losses": [1.8106594800949096, 1.5875784039497376, 1.5633952260017394, 1.537819755077362, 1.6733764290809632, 1.6058774948120118, 1.5513267040252685, 1.574546456336975, 1.5111847639083862, 1.670799195766449], "train_accs": [38.235, 46.5775, 50.1975, 53.5025, 54.61, 57.6475, 59.5925, 61.2, 63.2875, 64.625], "val_accs": [40.17, 44.34, 45.23, 46.52, 44.91, 46.16, 48.48, 48.27, 49.78, 46.13], "train_acc": 64.625, "val_acc": 46.13, "test_acc": 45.4, "exp_name": "exp1_n_layer_hid_dim", "in_dim": 3072, "out_dim": 10, "hid_dim": 300, "act": "relu", "dropout": 0.2, "use_bn": true, "l2": 1e-05, "use_xavier": true, "optim": "RMSprop", "lr": 0.0015, "train_batch_size": 256, "n_layer": 2}