{"train_losses": [2.186000215020149, 1.5371156118477984, 1.450464377737349, 1.4008820740280636, 1.3403582557751115, 1.2868305877515465, 1.2467277740976612, 1.2050499665509364, 1.1622707877948786, 1.1212768387642635], "val_losses": [1.6858471632003784, 1.7659147381782532, 1.61316921710968, 1.7651804089546204, 1.741579270362854, 2.03595974445343, 1.85220205783844, 1.6609111547470092, 1.96692852973938, 1.7896668672561646], "train_accs": [38.715, 46.71, 49.74, 51.5875, 53.5025, 55.5275, 57.18, 58.8575, 60.1, 61.9725], "val_accs": [42.41, 41.84, 44.85, 43.02, 44.54, 40.36, 41.56, 46.31, 44.72, 45.82], "train_acc": 61.9725, "val_acc": 45.82, "test_acc": 46.19, "exp_name": "exp1_n_layer_hid_dim", "in_dim": 3072, "out_dim": 10, "hid_dim": 300, "act": "relu", "dropout": 0.2, "use_bn": true, "l2": 1e-05, "use_xavier": true, "optim": "RMSprop", "lr": 0.0015, "train_batch_size": 256, "n_layer": 1}