{"train_losses": [1.8486507348953538, 1.5285672647937847, 1.4055181324102317, 1.318101084156401, 1.2404000850240136, 1.1754362359168424, 1.1101706441800305, 1.0558044010666525, 1.0002829519806393, 0.948178576056365], "val_losses": [1.9475436687469483, 1.5611467361450195, 1.5838047027587892, 1.55757417678833, 1.543310558795929, 1.5103231072425842, 1.5389978170394898, 1.4285389304161071, 1.4480442881584168, 1.5847959756851195], "train_accs": [35.055, 45.0475, 49.4825, 52.7875, 55.64, 57.8875, 60.15, 62.015, 63.995, 66.275], "val_accs": [33.67, 44.16, 44.9, 45.44, 46.96, 46.26, 48.84, 51.44, 51.69, 49.23], "train_acc": 66.275, "val_acc": 49.23, "test_acc": 49.32, "exp_name": "exp1_n_layer_hid_dim", "in_dim": 3072, "out_dim": 10, "hid_dim": 500, "act": "relu", "dropout": 0.2, "use_bn": true, "l2": 1e-05, "use_xavier": true, "optim": "RMSprop", "lr": 0.0015, "train_batch_size": 256, "n_layer": 3}